user_id,europeana_id,comment,upvotes-downvotes
0,446/VIA0212858,Something bad is happening,3
1,496/MIL0865312,too noisy,8
7,2059210/data_sounds_http___archive_org_download_charlieparr2007_10_07_charlieparr2007_10_07mtx_d2t04_mp3,Stale instrumental banjo song,3
8,496/MIL0866000,Made me uncomfortable,3
4,446/RAV1929834,feeling lonely,3
4,496/MIL0869465,advertisement,2
14,446/MIL0865284,introduction of the song,5
17,9200369/webclient_DeliveryManager_pid_8408126_custom_att_2_simple_viewer,Disturbing for the ears,4
18,2059210/data_sounds_http___archive_org_download_bhsurfers2002_07_20_fob_flacf_buttholesurfers2002_07_20d1t08_mp3,Live show,8
21,446/MIL0875998,Melancholic,6
14,2059210/data_sounds_http___archive_org_download_bushwalla2013_10_12_show2_flac16_bushwalla2013_10_12d01t04_mp3,more words less music,7
17,496/MIL0876474,Christmas Song,9
17,446/MIL0873282,New age,4
25,496/CAG1922731,kinda boring,3
2,2059210/data_sounds_http___archive_org_download_oprh2007_08_23_flac16_oprh2007_08_23t03_mp3,cool rapping,4
27,446/MIL0877939,Nice melody,2
14,496/MIL0864315,riding my horse in the desert,8
26,496/LO11367513,kinda motivating,6
19,446/MIL0881742,Very peaceful,4
30,2059210/data_sounds_http___archive_org_download_DWatson2008_04_09_DWatson2008_04_09d1t02_mp3,a really nice tempo,5
31,496/UBO3819207,Italian radio,3
9,446/MIL0883138,happy opera like 17th century palace vibes,9
9,446/UFE0959310,"agony, fear, uncertainty",4
10,446/MIL0882243,inner peace,3
0,9200369/webclient_DeliveryManager_pid_8366065_custom_att_2_simple_viewer,It's creepy,3
2,496/MIL0872050,black and white movie,6
9,446/UBO3950805,sexy and mysterious,9
10,2059210/data_sounds_http___archive_org_download_cp2014_12_17_cp2014_12_17d02t20_mp3,blue mood,2
27,9200369/webclient_DeliveryManager_pid_7882453_custom_att_2_simple_viewer,Soprano,9
33,446/UBO3819223,Hip Hop song intro,2
34,496/MIL0879540,sunny Sunday fun walk,6
9,9200369/webclient_DeliveryManager_pid_8383346_custom_att_2_simple_viewer,entering heaven,7
2,2059210/data_sounds_http___archive_org_download_cp2014_12_17_cp2014_12_17d02t24_mp3,hillbilly song,4
1,496/MIL0865319,it is party time,2
14,2059210/data_sounds_http___archive_org_download_jakeshimabukuro2008_06_15_r09_jakeshimabukuro2008_06_15t02_mp3,sounds like a guitar but not really,3
35,496/PAV0050180,Italian,5
9,9200369/webclient_DeliveryManager_pid_8408638_custom_att_2_simple_viewer,somehow playful yet nasty,5
37,2059210/data_sounds_http___archive_org_download_vanderark2009_09_27_flac16_vanderark2009_09_27d02t05_mp3,From the heart,2
38,9200369/webclient_DeliveryManager_pid_9796872_custom_att_2_simple_viewer,Dream,3
19,2059210/data_sounds_http___archive_org_download_bushwalla2013_10_12_show2_flac16_bushwalla2013_10_12d01t04_mp3,From a live performance,3
2,2059210/data_sounds_http___archive_org_download_cvb1988_07_18_cvb1988_07_18t03_mp3,sitting around the fire singing,7
2,2059210/data_sounds_http___archive_org_download_bobwalkenhorst2005_08_19_shnf_bobwalkenhorst2005_08_19d1t04_mp3,song at classic american bar,5
1,2059210/data_sounds_http___archive_org_download_bhs1996_10_19_flac16_bhs1996_10_19d1t04_mp3,keep rocking,5
9,496/MIL0865451,"mysterious, soothing, magical",8
41,2059210/data_sounds_http___archive_org_download_guster2011_11_25_km201_flac24_guster2011_11_25t12_mp3,cozy live,2
26,496/CAG1922731,unoriginal,3
25,2059210/data_sounds_http___archive_org_download_ae2007_05_17_sbd_flac16_ae2007_05_1712_mp3,simple but provokes you many feelings,2
14,9200369/webclient_DeliveryManager_pid_8376084_custom_att_2_simple_viewer,sounds like a movie soundtrack,4
42,496/MOD0747589,pretty bad voice,7
43,496/MIL0877422,metallophone,2
27,446/MIL0863768,Pop music,2
27,446/MIL0865430,Opera,3
3,446/MIL0876489,classic,7
25,2059210/data_sounds_http___archive_org_download_gus2003_03_27_c1000_shnf_guster2003_03_27d01t08_mp3,although its up-lifting beat there is sadness,3
1,446/LO11481479,that was strange,2
44,446/UBO3819496,laying on the grass on a sunny day,2
30,446/MIL0876489,reminds of fairytale,5
7,496/MIL0881266,italian and dramatic,2
9,496/UBO2743346,"pretty sad, like a traditional lullaby",3
9,496/MIL0870326,"simply an introduction to a live show, an encore",5
31,496/MIL0869682,Beautiful ballad,4
10,9200369/webclient_DeliveryManager_pid_8407462_custom_att_2_simple_viewer,fast forward,2
10,2059210/data_sounds_http___archive_org_download_bva2014_07_27_live2cd_flac16_bva2014_07_27t04_mp3,happy song,2
14,9200369/webclient_DeliveryManager_pid_8377827_custom_att_2_simple_viewer,cello,4
40,446/LO11367855,Spoken word music.,4
7,2059210/data_sounds_http___archive_org_download_vanderark2009_09_27_flac16_vanderark2009_09_27d01t12_mp3,"tons of background noise from people chatting, noone paying attention to the singer- tough crowd",2
26,9200369/webclient_DeliveryManager_pid_7644066_custom_att_2_simple_viewer,sounds like something bad is about to happen,9
9,446/MIL0877013,"old-time-classic, truly phenomenal song",4
26,496/LO11346839,dull,2
46,2059210/data_sounds_http___archive_org_download_bobwalkenhorst2014_11_05_flac_bobwalkenhorst2014_11_05d1t07_mp3,Texas vibes,2
2,446/MIL0882025,low volume,6
26,496/LO11332121,nice vibes,4
40,2059210/data_sounds_http___archive_org_download_mnathanson2005_11_01_shnf_matt_nathanson_2005_11_01_d1t03_mp3,Optimistic lyrics,2
50,496/MIL0863997,nice,2
1,446/LO11352737,that was funny,2
26,2059210/data_sounds_http___archive_org_download_jgreene2004_07_30_flac16_D1T02_mp3,sounds like a tarantino soundtrack,2
26,496/MIL0869465,it was joyful but also kinda boring,2
14,2059210/data_sounds_http___archive_org_download_jgreene2004_07_30_flac16_D1T02_mp3,harmonica solos,4
11,496/MIL0877593,Santa Claus,2
9,2059210/data_sounds_http___archive_org_download_hbr2007_01_19_sbd_flac16_hbr2007_01_19d1t02ImGoingUpOnTheMountain_mp3,makes me want to dance in a farm with lots of beer and friends,3
9,2059210/data_sounds_http___archive_org_download_gus2003_03_27_c1000_shnf_guster2003_03_27d01t08_mp3,"one of my favourites, make me want to listen to it live",3
51,9200369/webclient_DeliveryManager_pid_7644066_custom_att_2_simple_viewer,This has to be part of a play,2
52,496/MIL0872746,"Introduction of a live song, applause",7
9,446/MIL0867439,relaxing chill nice rasp in voice,3
30,2059210/data_sounds_http___archive_org_download_bc2005_06_30_flac16_bc2005_06_30t16_mp3,a nice ballad,3
11,496/MIL0863766,A walk in nature,3
10,496/MIL0873549,melancholy,3
21,446/MIL0871402,Upbeat,3
17,9200369/webclient_DeliveryManager_pid_8365564_custom_att_2_simple_viewer,Slow song,6
21,496/MIL0875798,Μusic from a medieval series,4
21,496/REA0284678,Snowhite and the 7 dwarves,4
11,2059210/data_sounds_http___archive_org_download_mnathanson2005_11_01_shnf_matt_nathanson_2005_11_01_d1t03_mp3,teenagers song,8
4,496/MIL0875845,a defeat,2
9,9200369/webclient_DeliveryManager_pid_8380430_custom_att_2_simple_viewer,enjoying a drink in a piano bar,4
40,446/LO11340218,"Italian rock song, prominent guitar riff",2
54,496/MIL0871459,Italian movies,2
17,9200369/webclient_DeliveryManager_pid_7652788_custom_att_2_simple_viewer,Sound like a king would hear during his bath,3
34,2059210/data_sounds_http___archive_org_download_cvb1988_07_18_cvb1988_07_18t03_mp3,chill summer afternoon,3
9,496/MIL0872489,great guitar solo latin vibes,4
10,496/MIL0876436,background song for dark scenes in old movies,5
2,2059210/data_sounds_http___archive_org_download_gdg2010_01_10_live2cd_flac16_gavindegraw2010_01_10d1t05_mp3,romantic song,6
35,496/CFI0700408,Mix pleasure and anxienty,7
26,496/MIL0867337,jazzy vibes,8
40,496/LO11331965,"Up-tempo, fast paced",2
35,2059210/data_sounds_http___archive_org_download_abird2003_05_17_flacf_abird2003_05_17t08_mp3,A lot of background voices,9
14,446/LO11465559,lets dance and celebrate,4
9,496/LO11205185,song about farewell,5
30,9200369/webclient_DeliveryManager_pid_8385174_custom_att_2_simple_viewer,really popular melody,2
26,446/MIL0877013,Great voice,7
40,446/LO11360898,"Agonizing, intense",2
58,9200369/webclient_DeliveryManager_pid_8364783_custom_att_2_simple_viewer,sounds like someone murdered someone else but there was no other way,2
9,496/MIL0867446,divorce baby divorce,3
30,496/MOD1558281,it makes you nostalgic,3
15,2059210/data_sounds_http___archive_org_download_caitlinrose2013_04_08_zoomh2_flac16_cr2013_04_08t17_mp3,a small wooden boat in a river,3
40,2059210/data_sounds_http___archive_org_download_mj2007_02_23_shnf_mj_2007_02_23t04_mp3,"A joyful and romantic song, sung live",3
26,446/PAV0073138,very lively,7
30,2059210/data_sounds_http___archive_org_download_mnathanson2008_10_03_studioprojectsc4_mnathanson2008_10_03d2t02_mp3,"emotional music, although it makes you get up to sing and dance",2
27,496/MIL0872881,Sounds of Nature,4
10,496/LO11355271,fast rhythm,3
35,496/MIL0872743,Italian,4
9,9200369/webclient_DeliveryManager_pid_8404717_custom_att_2_simple_viewer,the sound of spirits haunting me,2
38,9200369/webclient_DeliveryManager_pid_9796872_custom_att_2_simple_viewer,Bambi feeling lonely,4
34,9200369/webclient_DeliveryManager_pid_8382704_custom_att_2_simple_viewer,"state emergency, attack by a villain probably",4
30,496/MIL0879593,run and hide,2
3,2059210/data_sounds_http___archive_org_download_mj2007_02_23_shnf_mj_2007_02_23t03_mp3,chilling,6
17,446/MIL0881925,A soundtrack of an amazing movie,3
10,9200369/webclient_DeliveryManager_pid_9797636_custom_att_2_simple_viewer,Violin solo,3
43,496/MIL0877849,Rock N Rolll or Blues,2
25,496/UBO3998918,if Sinatra was Italian,2
7,2059210/data_sounds_http___archive_org_download_SKellogg2006_03_01_shn_SKellogg2006_03_01_09_mp3,live perfomance with lead signer doing many classic movie references mid song,2
7,2059210/data_sounds_http___archive_org_download_mn2003_04_23_shnf_mn2003_04_23d1t13_mp3,perfoming live to a dead crowd,2
64,446/LO11237286,barely considered a song,4
37,446/TSA1380773,strong and dominant male voices,3
54,496/MIL0874606,Joyful movie soundtrack,2
66,496/MIL0865585,it makes me wanna shake my head,5
25,496/UBO4048503,just another Italian pop song,5
2,496/MIL0871918,sensational voice and song,5
14,496/MIL0869465,lightweight and rythmical,3
2,496/MIL0864315,an eagle flying above a western dessert,7
31,2059210/data_sounds_http___archive_org_download_bt2005_10_08_flac16_bt2005_10_08d2t07_mp3,Live performance,8
0,9200369/webclient_DeliveryManager_pid_7789359_custom_att_2_simple_viewer,Figaro,7
18,2059210/data_sounds_http___archive_org_download_bt2007_12_04_flac16_bt2007_12_04t15_mp3,Live show,8
9,496/MIL0875154,soothing voice a bit sad,9
26,496/MIL0875154,sounds heartbroken,3
9,2059210/data_sounds_http___archive_org_download_mj2007_02_23_shnf_mj_2007_02_23t04_mp3,feels happy and uplifting,2
12,2059210/data_sounds_http___archive_org_download_cp2014_12_17_cp2014_12_17d02t28_mp3,Makes you move,3
58,496/MIL0874403,Sounds hearbroken,2
37,446/MIL0872063,Makes you wonder what's to come,2
54,496/LO11332121,Pop rock ballad,2
25,2059210/data_sounds_http___archive_org_download_gdg2010_01_10_live2cd_flac16_gavindegraw2010_01_10d1t05_mp3,Basic rhythm but it is a nice song,2
9,446/CAG1648127,very emotional,2
40,446/MIL0872063,Strong contrast between the beginning and end of the clip,2
69,496/MIL0876914,Sounds like a 50s American pub,2
11,496/MIL0864254,love story,2
2,496/MIL0881653,A song from an old movie,7
40,2059210/data_sounds_http___archive_org_download_kevnkinneyband2003_09_22_flac16_kevnkinneyband2003_09_22t03_mp3,"Aggressive, angry",7
58,2059210/data_sounds_http___archive_org_download_jakeshimabukuro2008_06_15_r09_jakeshimabukuro2008_06_15t02_mp3,The start was fast and joyful in contrast with the ending,3
8,446/MIL0877820,Actually is a Tarantino movie song,5
2,446/MIL0865356,cool guitar intro,3
27,9200369/webclient_DeliveryManager_pid_7378449_custom_att_2_simple_viewer,Classical song,6
11,9200369/webclient_DeliveryManager_pid_7790334_custom_att_2_simple_viewer,orchestra show,3
63,496/MIL0875841,Opening,3
54,496/MIL0864254,Emotional soundtrack,3
14,496/MIL0875995,ready to go to a mission,3
55,496/MIL0879540,Early 90s music,2
8,446/MIL0877939,Has an accordion or a melodica too(?),3
63,446/MIL0879354,70s TV show intro music,5
65,496/MIL0869122,nostalgic,2
65,9200369/webclient_DeliveryManager_pid_7877012_custom_att_2_simple_viewer,seems very hard to play,2
28,496/CAG1759765,I' m not sure if it's Jazz or weird Pop song,3
26,9200369/webclient_DeliveryManager_pid_8392126_custom_att_2_simple_viewer,good storyteller,4
70,446/RAV1851747,No music,5
23,496/CAG1973216,motivational,2
36,2059210/data_sounds_http___archive_org_download_bc2005_06_30_flac16_bc2005_06_30t16_mp3,Passionate crowd,2
15,9200369/webclient_DeliveryManager_pid_8402887_custom_att_2_simple_viewer,curiosity,2
7,496/MIL0869465,generic and happy,2
57,496/MIL0880209,crescendo,2
38,2059210/data_sounds_http___archive_org_download_ae1999_09_05_ae1999_09_05d2t03_mp3,Bowie Song,2
15,2059210/data_sounds_http___archive_org_download_mickthomas2010_01_01_zoomh2_flac16_mickthomas2010_01_01t04_mp3,live performance in a small bar,2
40,446/LO11336167,Suspenseful,3
38,446/LO11344164,Groovy,3
68,9200369/webclient_DeliveryManager_pid_7873829_custom_att_2_simple_viewer,"Could be a soundtrack from ""the Godfather""",2
7,496/LO11269228,sad and italian,3
7,446/MIL0882867,feeling relief and calmness,4
9,2059210/data_sounds_http___archive_org_download_gdg2010_01_10_live2cd_flac16_gavindegraw2010_01_10d2t02_mp3,live and emotional,3
27,9200369/webclient_DeliveryManager_pid_7782383_custom_att_2_simple_viewer,Very sad song - Tragedy,5
36,2059210/data_sounds_http___archive_org_download_marcobenevento2014_09_16_tlm170_flac16_marcobenevento2014_09_16t11_mp3,Live show,4
30,2059210/data_sounds_http___archive_org_download_abird2003_05_17_flacf_abird2003_05_17t08_mp3,a lot of noise,2
28,496/MIL0868130,Sounds like Indian song,3
7,496/MIL0864315,Cowboy aesthetic,4
12,496/MIL0881925,On my way to meeting an italian mafia boss,2
29,496/MIL0877062,Christmas,3
40,2059210/data_sounds_http___archive_org_download_mbt2011_06_24_mk4_taraszki_flac24_mbt2011_06_24t_15_mp3,Instrumental piece with a few jazz elements,3
11,496/MIL0865312,Crowd arousal in a rock concert,4
18,496/UFE0971067,A night out,8
26,496/UBO3556723,screams nostalgia,5
2,496/MIL0869495,disco times,5
17,446/LO11357138,Happy song but in a way kind of disturbing,3
27,9200369/webclient_DeliveryManager_pid_7787507_custom_att_2_simple_viewer,Sad song,6
9,9200369/webclient_DeliveryManager_pid_8404517_custom_att_2_simple_viewer,"like a church, feels sacred",2
25,2059210/data_sounds_http___archive_org_download_bc2005_06_30_flac16_bc2005_06_30t09_mp3,dude has no voice in him,6
17,446/LO11352793,Italian song,4
40,496/LO11322451,Relaxing rock song,7
26,9200369/webclient_DeliveryManager_pid_8382143_custom_att_2_simple_viewer,sounds like a soundtrack of a cartoon before a mischief is about to take place,3
17,446/UBO3784622,this is not music it is noise,6
17,496/CAG1759765,Kind of creepy voice,4
37,496/MIL0864575,creates a mysterious atmosphere,2
31,2059210/data_sounds_http___archive_org_download_hday2001_02_05_shnf_hday2001_02_05_d1t09_mp3,Melancholic,5
57,446/LO11357138,Italian Rock-folk,2
57,446/MIL0882218,Italian country music,2
20,496/MIL0872881,Alone in a Forest at Night,3
23,2059210/data_sounds_http___archive_org_download_jgreene2004_07_30_flac16_D1T03_mp3,viby song,5
9,9200369/webclient_DeliveryManager_pid_8379282_custom_att_2_simple_viewer,like chasing a mouse,5
18,2059210/data_sounds_http___archive_org_download_mickthomas2010_01_01_zoomh2_flac16_mickthomas2010_01_01t06_mp3,Live show,7
21,496/UBO3832470,Bugs Bunny,4
25,2059210/data_sounds_http___archive_org_download_CVB1986_10_17_aud_CVB1986_10_17_aud_t14_mp3,great start but that's it,6
26,9200369/webclient_DeliveryManager_pid_7872742_custom_att_2_simple_viewer,his voice is angelic,8
35,496/MIL0871122,Music theme,4
9,2059210/data_sounds_http___archive_org_download_bc2012_09_13_aud_flac16_bc20120913t03_mp3,"boring as hell, quite ironic since it talks about jesus",2
71,496/LO11404976,ride at the countryside,6
71,496/LO11410009,Foreign language,2
14,2059210/data_sounds_http___archive_org_download_bhsurfers2002_07_20_fob_flacf_buttholesurfers2002_07_20d1t15_mp3,shouting,5
72,496/MIL0864575,weird,2
34,9200369/webclient_DeliveryManager_pid_7879085_custom_att_2_simple_viewer,a calm spring morning tea,5
71,496/MIL0873690,crowd anxiety,8
29,2059210/data_sounds_http___archive_org_download_mickthomas2010_01_01_zoomh2_flac16_mickthomas2010_01_01t15_mp3,noise,2
17,496/MIL0871424,Quality music,2
11,496/MIL0874403,erotic and sexual mood,7
37,496/LO11367513,uplifting,3
7,9200369/webclient_DeliveryManager_pid_8412212_custom_att_2_simple_viewer,dramatic music for a tragic event ( like death of a character in the movie),4
8,2059210/data_sounds_http___archive_org_download_CVB2007_09_19_cvb2007_09_19t13_mp3,Live,5
9,446/MIL0879596,"something menacing and evil is approacing, like a final boss",4
53,496/MIL0878053,Music produced only by human voices,7
3,2059210/data_sounds_http___archive_org_download_hday2003_12_15_shnf_hday2003_12_1503_mp3,imagined being there,3
42,2059210/data_sounds_http___archive_org_download_HBR2008_04_18_NeumannKM150_HotButteredRum2008_04_18_NeumannKM150_t03_mp3,hiya,3
29,2059210/data_sounds_http___archive_org_download_SKellogg2006_03_01_shn_SKellogg2006_03_01_03_mp3,live,5
35,2059210/data_sounds_http___archive_org_download_bc2005_06_30_flac16_bc2005_06_30t16_mp3,A lot of background voices,9
57,9200369/webclient_DeliveryManager_pid_7873829_custom_att_2_simple_viewer,Music that evokes pride and awe,4
10,9200369/webclient_DeliveryManager_pid_8376245_custom_att_2_simple_viewer,church,5
25,2059210/data_sounds_http___archive_org_download_ae1999_09_05_ae1999_09_05d2t03_mp3,dude needs vocal lessons,2
27,496/MIL0871424,Classical Music,6
17,2059210/data_sounds_http___archive_org_download_jgreene2009_03_19_flac16_jackiegreene2009_03_19d2t01_mp3,Not a fresh sound,3
40,496/MIL0873252,Sounds bright and optimistic,2
10,446/MIL0877060,Italian,2
7,2059210/data_sounds_http___archive_org_download_abird2003_05_17_flacf_abird2003_05_17t07_mp3,bad sound quality tons of background noise,4
73,2059210/data_sounds_http___archive_org_download_glen2004_12_16_m300_flac16_glen2004_12_16t10_mp3,nostalgia,4
37,446/MIL0883140,Sounds like a lady that can break a glass with her voice,2
30,446/MIL0873282,music that makes you dance,2
34,496/UBO3876639,reuniting with a loved one,2
3,2059210/data_sounds_http___archive_org_download_ae2007_05_17_sbd_flac16_ae2007_05_1712_mp3,sad drunk man singing,7
29,496/MIL0876334,Acapella,3
4,496/MIL0871256,about love or living in a foreign country away from your loved ones,7
65,446/LO11448932,Classic,3
26,2059210/data_sounds_http___archive_org_download_JG2011_04_08_JackieGreene2011_04_08_D2T09_Ball_And_Chain_mp3,pretty nostalgic vibes,3
55,2059210/data_sounds_http___archive_org_download_gdegraw2004_05_30_shnf_gdegraw2004_05_30t09_mp3,a love song,7
2,496/MIL0875845,The start of a day at war,9
3,2059210/data_sounds_http___archive_org_download_bhsurfers2002_07_20_fob_flacf_buttholesurfers2002_07_20d2t04_mp3,whats going on,5
7,446/MIL0883143,"Prestigious, high society for the well educated and cultured",2
53,496/MIL0871559,Could be music in a palace court,4
10,2059210/data_sounds_http___archive_org_download_hday2003_12_15_shnf_hday2003_12_1503_mp3,singing around the fire,3
74,2059210/data_sounds_http___archive_org_download_keller2014_05_31_16bit_Keller2014_05_31T02_mp3,old good story,4
74,446/MIL0876480,music from movie at a calm scene,3
55,496/MIL0882947,Opera Time,2
63,9200369/webclient_DeliveryManager_pid_8388208_custom_att_2_simple_viewer,Piano solo,3
4,2059210/data_sounds_http___archive_org_download_CVB2007_09_19_cvb2007_09_19t13_mp3,road trip,7
14,9200369/webclient_DeliveryManager_pid_8412049_custom_att_2_simple_viewer,sounds from deep down the earth,3
2,9200369/webclient_DeliveryManager_pid_8393169_custom_att_2_simple_viewer,old cartoons music,2
17,9200369/webclient_DeliveryManager_pid_8411119_custom_att_2_simple_viewer,One of the songs that everybody knows the rythm but nobody knows the title,4
21,496/CAG1922874,Mexican soap opera,4
3,2059210/data_sounds_http___archive_org_download_skellogg2005_02_19_sr71_sk62005_02_19d1t12_mp3,2000's,4
69,446/MIL0872859,Main character has achieved his/her goal,2
9,496/MIL0871718,peacefull classical music reminiscent of spring,4
27,496/MIL0869135,Melancholic,5
7,9200369/webclient_DeliveryManager_pid_9797446_custom_att_2_simple_viewer,dramatic and powerful,4
17,9200369/webclient_DeliveryManager_pid_8380144_custom_att_2_simple_viewer,Could remind me of vivaldi,3
66,496/LO11474186,happy ending,2
22,496/MIL0865451,Mysterious,2
20,9200369/webclient_DeliveryManager_pid_8366716_custom_att_2_simple_viewer,He's coming to get you,3
40,496/MIL0882947,Very joyful instrumental,2
40,496/LO11419218,"As the clip progresses, it becomes anxiety inducing",4
4,446/MIL0864103,riding a horse,2
9,496/LO11419188,like a communist manifesto of no taste,3
4,9200369/webclient_DeliveryManager_pid_7881256_custom_att_2_simple_viewer,reminds me of a grumpy old man,2
21,446/MIL0869097,Classical Rock,2
9,496/MIL0865333,like flowers dancing in a valley,4
9,496/LO11474186,ready for an adventure,2
25,496/MIL0870750,fell in love with an Italian girl,3
10,446/MIL0868361,noisy,3
0,2059210/data_sounds_http___archive_org_download_bc2005_06_30_flac16_bc2005_06_30t16_mp3,Live,4
9,446/LO11352940,starts off as weird but is later uplifting,3
26,496/RAV0701935,playful and happy,4
37,496/UBO3321450,Paints a picture,3
52,2059210/data_sounds_http___archive_org_download_mj2007_02_23_shnf_mj_2007_02_23t11_mp3,Live Recording,4
26,2059210/data_sounds_http___archive_org_download_ae1999_09_05_ae1999_09_05d1t06_mp3,energetic but very generic,5
26,446/LO11420014,it brings me feelings of discomfort,3
66,496/CAG1777033,live concert,2
0,446/VIA0212831,It starts slow and built momentum to the climax,7
37,446/LO11318100,Theme song for an Italian summer film,3
8,2059210/data_sounds_http___archive_org_download_hd2004_04_30_flac16_hd_2004_04_30_d1t02_mp3,No one asked for an AC/DC country cover,4
0,446/UBO3819223,Speaking with music in the background,5
0,9200369/webclient_DeliveryManager_pid_8402887_custom_att_2_simple_viewer,Weird sound,4
35,446/MIL0872798,Marching,9
77,446/MIL0876525,romantic reunion,3
42,2059210/data_sounds_http___archive_org_download_caitlinrose2013_04_08_zoomh2_flac16_cr2013_04_08t02_mp3,nice voice,8
54,496/MIL0865424,Soft rock,3
53,496/MIL0865451,Feels like there is some hidden desperation,3
25,9200369/webclient_DeliveryManager_pid_7645012_custom_att_2_simple_viewer,"yes, finally a Puccini at its best",3
25,2059210/data_sounds_http___archive_org_download_BackyardTireFire2008_09_12_matrix_BackyardTireFire2008_09_12d1t02_mp3,I feel like I am in a house that is on fire and I don't even have the energy to go out.,3
7,496/UBO3623591,great track for advertisments,2
43,446/LO11419740,hand drum,4
14,9200369/webclient_DeliveryManager_pid_8380688_custom_att_2_simple_viewer,a peaceful sunny morning,6
44,496/MIL0878053,acapela,5
17,496/LO11367827,Ballad,5
27,2059210/data_sounds_http___archive_org_download_BackyardTireFire2008_09_12_matrix_BackyardTireFire2008_09_12d2t15_mp3,Ballad,5
8,446/LO11269228,A bit nostalgic,3
3,2059210/data_sounds_http___archive_org_download_gds2009_05_08__flac16_gds2009_05_08t04_mp3,lets gooo,6
42,2059210/data_sounds_http___archive_org_download_hday2003_12_15_shnf_hday2003_12_1503_mp3,nice ballad,4
77,496/MIL0872806,wild west,8
25,496/MIL0864575,unsettlingly arousing,3
77,496/LO11418605,a joyous morning,2
20,496/MIL0879618,small village in sicily,2
57,9200369/webclient_DeliveryManager_pid_7782383_custom_att_2_simple_viewer,Bach,3
57,496/CAG1994433,Italian joyful folk music,2
54,446/UBO3819223,Mother and  daughter conversation,3
2,496/MIL0882621,Hearing bad news,5
44,2059210/data_sounds_http___archive_org_download_bushwalla2013_10_12_show2_flac16_bushwalla2013_10_12d01t04_mp3,live audience,4
54,9200369/webclient_DeliveryManager_pid_8365484_custom_att_2_simple_viewer,Increasingly intense,3
58,446/MOD1575994,A bit noisy,5
54,2059210/data_sounds_http___archive_org_download_caitlinrose2010_12_13_caitlinrose20101213d01t03_mp3,Live acoustic performance at a small bar,2
14,496/MIL0864315,whistling,3
7,496/MIL0873690,"Not even a song ,just sounds that make me anxious",2
59,496/TO10002461,Not exactly sure that this is music,3
74,496/LO11367666,waiting for something,2
35,496/MOD0747589,Around 80's,3
2,496/MIL0881651,old cartoons music,4
4,446/MIL0881643,punishment,5
8,496/LO11352697,Melancholic / nostalgic,6
9,496/LO11378392,nice stimulating,2
40,446/TSA1380773,Emotionally intense,3
6,2059218/data_sounds_IT_DDS0000049260000000,cant play this one,3
2,496/MIL0875952,spring,7
9,9200369/webclient_DeliveryManager_pid_7872742_custom_att_2_simple_viewer,"etherial, heavenly",3
14,2059210/data_sounds_http___archive_org_download_hday2001_02_05_shnf_hday2001_02_05_d2t04_mp3,funny,3
41,446/BRI0436289,cool italian rock,2
63,2059210/data_sounds_http___archive_org_download_hd2004_04_30_flac16_hd_2004_04_30_d1t11_mp3,Live concert,4
57,2059210/data_sounds_http___archive_org_download_JBT2006_04_15_JBT2006_04_15D1T09_mp3,music with crowd noise in the background,4
18,2059210/data_sounds_http___archive_org_download_jakeshimabukuro2008_06_15_r09_jakeshimabukuro2008_06_15t02_mp3,live show,3
30,2059210/data_sounds_http___archive_org_download_bt2005_06_29_flac16_bt2005_06_29d1t08_mp3,not my taste in music,2
18,2059210/data_sounds_http___archive_org_download_mj2007_02_23_shnf_mj_2007_02_23t07_mp3,Live show,6
33,496/MIL0863767,TV-show opening,2
36,2059210/data_sounds_http___archive_org_download_oprh2007_08_23_flac16_oprh2007_08_23t06_mp3,Live show,2
25,2059210/data_sounds_http___archive_org_download_oprh2007_08_23_flac16_oprh2007_08_23t02_mp3,typical barbeque in the hood,2
2,2059210/data_sounds_http___archive_org_download_oprh2007_08_23_flac16_oprh2007_08_23t06_mp3,rapping with friends,6
26,9200369/webclient_DeliveryManager_pid_8408638_custom_att_2_simple_viewer,naughty in a dangerous way,4
6,496/MIL0864406,Electronic Music,7
14,2059210/data_sounds_http___archive_org_download_jakeshimabukuro2008_06_15_r09_jakeshimabukuro2008_06_15t02_mp3,sounds like flamenco,2
4,446/LO11340662,to lose someone you love,3
14,446/MOD1575994,low key voice,2
27,496/BRI0436292,Italian song,4
11,446/UBO3784622,Irritating beep sound,2
8,2059210/data_sounds_http___archive_org_download_mnathanson2008_10_03_studioprojectsc4_mnathanson2008_10_03d2t02_mp3,Live peformance,2
20,496/MIL0881491,The hero walks on screen,3
65,496/MIL0875996,mystery,2
25,9200369/webclient_DeliveryManager_pid_8393169_custom_att_2_simple_viewer,approaching a turning point,2
14,2059210/data_sounds_http___archive_org_download_cp2014_12_17_cp2014_12_17d02t24_mp3,fast paced,2
34,496/MIL0868691,being jealous in a relationship,2
34,2059210/data_sounds_http___archive_org_download_SKellogg2006_03_01_shn_SKellogg2006_03_01_03_mp3,today I don't feel like doing anything,2
25,496/MIL0871718,just another day in the italian countryside,5
17,2059210/data_sounds_http___archive_org_download_oprh2007_08_23_flac16_oprh2007_08_23t09_mp3,The lyrics resemble red hot chili peppers,4
14,2059210/data_sounds_http___archive_org_download_oprh2007_08_23_flac16_oprh2007_08_23t06_mp3,talking very fast,2
17,2059210/data_sounds_http___archive_org_download_kevnkinney2003_05_25_flac16_kkstar2003_05_25t01_mp3,At first it sounded awful and then it suddenly got better,4
79,496/MIL0872746,"clapping and a strange sound after that, i did not get it",2
7,2059210/data_sounds_http___archive_org_download_glen2004_12_16_m300_flac16_glen2004_12_16t10_mp3,Sad ballad for when you hit rock bottom,2
52,446/TSA1363283,Live recording,3
35,496/MIL0869682,Italian,8
37,446/PAV0073138,Comes from a different century,3
31,9200369/webclient_DeliveryManager_pid_7879085_custom_att_2_simple_viewer,National Anthem Vibes,4
9,9200369/webclient_DeliveryManager_pid_7790334_custom_att_2_simple_viewer,perfect for a mysterious and elegant ballet,5
25,496/MIL0871684,it's depresso time,8
2,2059210/data_sounds_http___archive_org_download_jakeshimabukuro2008_06_15_r09_jakeshimabukuro2008_06_15t09_mp3,maybe a song about an old love,5
52,2059210/data_sounds_http___archive_org_download_jbt2011_09_02_CA_11cardioid24bit_jbt2011_09_02cardioidt01_mp3,Really long intro,7
36,2059210/data_sounds_http___archive_org_download_BackyardTireFire2008_09_12_matrix_BackyardTireFire2008_09_12d1t02_mp3,Live show,2
23,2059210/data_sounds_http___archive_org_download_gp2013_04_27_aud_flac16_gp2013_04_27t11_mp3,live performance,4
63,496/MIL0879618,Goodfather theme,8
25,446/MIL0872845,it's okay to cry,3
25,496/MIL0865333,pov: you are a French aristocrat with nothing to do,3
35,496/MIL0866619,Italian,5
11,496/MIL0865295,silent music,2
5,2059210/data_sounds_http___archive_org_download_gdg2010_01_10_live2cd_flac16_gavindegraw2010_01_10d2t02_mp3,Love song,8
1,496/MIL0874403,relaxing and cool,9
26,496/MIL0867832,"I don't know italian, but that sounds romantic",5
10,496/LO11368298,Italian,3
1,496/UFE0971062,let's dance,9
7,2059210/data_sounds_http___archive_org_download_DWatson2008_04_09_DWatson2008_04_09d2t03_mp3,Outlaw prison country music,2
25,9200369/webclient_DeliveryManager_pid_8405921_custom_att_2_simple_viewer,the end was unexpected,5
9,496/MIL0868197,"excellent, feels like im in an old town of japan or asia reminiscing of long lost love",4
7,9200369/webclient_DeliveryManager_pid_7873829_custom_att_2_simple_viewer,prestigious and grandiose,2
7,496/MIL0871918,good vibes,3
47,9200369/webclient_DeliveryManager_pid_7874906_custom_att_2_simple_viewer,like watching a theater performance and people are running around at start then relaxing,3
51,496/LO11360500,Could easily be the title song in an old roadtrip movie,4
25,496/MIL0865295,He is coming for you,2
11,9200369/webclient_DeliveryManager_pid_7879499_custom_att_2_simple_viewer,ancient french opera,4
61,446/MIL0878399,Live performance,4
40,2059210/data_sounds_http___archive_org_download_jgreene2004_07_30_flac16_D1T09_mp3,"Joyful music, darker lyrics",5
26,496/TO01791097,very repetitive,3
26,496/LO11378392,very nice intro,4
54,446/MIL0883140,Woman opera singer,4
2,2059210/data_sounds_http___archive_org_download_marcobenevento2014_09_16_tlm170_flac16_marcobenevento2014_09_16t26_mp3,live show,5
69,446/LO11323108,"Nothing special, just a reggae song",3
30,496/MIL0868331,sounds like a romantic song,3
31,496/LO11340312,Lullaby,4
26,446/TSA1363280,very uninteresting,6
7,2059210/data_sounds_http___archive_org_download_guster2006_06_23_flac16_guster2006_06_23t09_mp3,Sounds bland but in the live audience like it and sing along,4
11,2059210/data_sounds_http___archive_org_download_BackyardTireFire2008_09_12_matrix_BackyardTireFire2008_09_12d2t07_mp3,Depression,8
52,496/RAV1369701,Audio missing,5
9,2059210/data_sounds_http___archive_org_download_vanderark2009_09_27_flac16_vanderark2009_09_27d02t05_mp3,typical love song,5
29,496/LO11340312,Female singer,4
30,2059210/data_sounds_http___archive_org_download_jakeshimabukuro2008_06_15_r09_jakeshimabukuro2008_06_15t09_mp3,it makes you reminisce something beautiful,5
47,2059210/data_sounds_http___archive_org_download_bobwalkenhorst2014_04_23_flac_bobwalkenhorst2014_04_23d2t08_mp3,easy to listen to - classic acoustic guitar,3
52,496/MIL0867767,Intro of the song,3
21,2059210/data_sounds_http___archive_org_download_bobwalkenhorst2014_04_23_flac_bobwalkenhorst2014_04_23d2t14_mp3,High danceability,5
40,2059210/data_sounds_http___archive_org_download_caitlinrose2013_04_08_zoomh2_flac16_cr2013_04_08t02_mp3,"Female vocals, sad lyrics",3
30,9200369/webclient_DeliveryManager_pid_9797048_custom_att_2_simple_viewer,not really my thing,2
7,496/LO11404976,lazy cowboy music,3
40,2059210/data_sounds_http___archive_org_download_ae1999_09_05_ae1999_09_05d1t06_mp3,Male vocal sounds a bit flat,3
70,2059210/data_sounds_http___archive_org_download_hday2001_02_05_shnf_hday2001_02_05_d2t04_mp3,Improvised live song,3
21,496/MIL0876574,Post romantic,6
36,496/RAV1369701,Not loading,3
4,9200369/webclient_DeliveryManager_pid_7780225_custom_att_2_simple_viewer,Autumn,2
55,496/RAV1999539,Sadness and loneliness,6
2,496/MIL0865371,sensational voice,3
29,496/LO11340312,Calm voice,7
54,2059210/data_sounds_http___archive_org_download_BackyardTireFire2008_09_12_matrix_BackyardTireFire2008_09_12d1t08_mp3,Live performance,3
30,496/MIL0868925,emotional,4
3,496/MIL0873690,agitation,3
30,446/LO11210210,a little bit nostalgic,9
26,496/MIL0881973,lively,3
21,496/MOD1567505,Friends,2
83,496/LO11346873,Old school,3
19,2059210/data_sounds_http___archive_org_download_bw2013_08_18_schoepsmk41_flac16_bw2013_08_18t04_mp3,From a live show,3
55,2059210/data_sounds_http___archive_org_download_jgreene2004_07_30_flac16_D1T09_mp3,really joyful piece of music,2
3,496/MIL0877416,nice old times,2
26,9200369/webclient_DeliveryManager_pid_8404717_custom_att_2_simple_viewer,music from a thriller,8
9,2059210/data_sounds_http___archive_org_download_CVB1986_10_17_aud_CVB1986_10_17_aud_t14_mp3,"starts off great, but becomes a bit repetitive",4
40,496/MIL0871402,Very energetic track.,6
3,496/MOD0747589,makes me laugh,2
26,2059210/data_sounds_http___archive_org_download_bc2012_09_13_aud_flac16_bc20120913t03_mp3,"Whoever told that man he can sing, lied BIG TIME",7
72,2059210/data_sounds_http___archive_org_download_bc2012_09_13_aud_flac16_bc20120913t03_mp3,it;s like playing guitar on a camping fire,3
7,2059210/data_sounds_http___archive_org_download_gdegraw2004_05_30_shnf_gdegraw2004_05_30t09_mp3,love ballad,2
55,2059210/data_sounds_http___archive_org_download_emckeown2005_06_29_flac16_emckeown2005_06_29t04_mp3,song to hear in the afternoon,2
5,2059210/data_sounds_http___archive_org_download_emckeown2005_06_29_flac16_emckeown2005_06_29t04_mp3,Tranquility and good vibes,7
37,9200369/webclient_DeliveryManager_pid_8408638_custom_att_2_simple_viewer,When you know you're doing something you are not suppose to,2
9,2059210/data_sounds_http___archive_org_download_jakeshimabukuro2008_06_15_r09_jakeshimabukuro2008_06_15t17_mp3,makes me want to dance flamenco,4
0,446/LO11181363,Italian,2
3,496/MIL0863964,what's going on,2
37,2059210/data_sounds_http___archive_org_download_guster2006_06_23_flac16_guster2006_06_23t09_mp3,"A happy, chill track",4
77,496/MIL0871459,A day in the 50s,2
28,496/MIL0879593,Passionate song,3
13,496/MIL0872806,Great theme song,3
63,2059210/data_sounds_http___archive_org_download_guster2000_07_02_shnf_guster2000_07_02d1_shnf_gus2000_07_02d1t10_mp3,Live performance,4
5,2059210/data_sounds_http___archive_org_download_jgreene2004_07_30_flac16_D1T09_mp3,This song lifts my spirit and motivates me,2
15,9200369/webclient_DeliveryManager_pid_7782584_custom_att_2_simple_viewer,small movements,2
25,2059210/data_sounds_http___archive_org_download_jgreene2004_07_30_flac16_D1T09_mp3,makes me wanna ride a horse and catch some cows,2
5,496/LO11367513,Exciting piece of music,2
26,496/MIL0881266,it sounds lifeless,2
26,2059210/data_sounds_http___archive_org_download_emckeown2005_06_29_flac16_emckeown2005_06_29t04_mp3,chill and cool,6
63,2059210/data_sounds_http___archive_org_download_hd2004_04_30_flac16_hd_2004_04_30_d1t07_mp3,Live performance,4
26,496/MIL0881934,creepy,3
54,496/MIL0875154,Corny Italian love-song,2
40,446/MIL0865423,This song is featured in Tarantino's western 'Django Unchained',4
26,446/CAG1648127,depressing,3
26,446/MIL0882867,very balanced,2
37,496/MIL0873252,A European pop rock love song,2
26,2059210/data_sounds_http___archive_org_download_caitlinrose2013_04_08_zoomh2_flac16_cr2013_04_08t10_mp3,lively and energetic,4
54,496/CAG1922731,Soft rock Italian ballad,2
26,2059210/data_sounds_http___archive_org_download_bva2014_07_27_live2cd_flac16_bva2014_07_27t15_mp3,very lively and catchy,7
25,446/MIL0872063,uplifting and then calming,2
7,2059210/data_sounds_http___archive_org_download_gus2003_03_27_c1000_shnf_guster2003_03_27d01t08_mp3,Live audience singing along a song,7
40,2059210/data_sounds_http___archive_org_download_gus2003_03_27_c1000_shnf_guster2003_03_27d01t08_mp3,"Live recording from a concert, the crowd sings along loudly",3
7,446/LO11448932,iconic song sampled and used in many movies,2
25,2059210/data_sounds_http___archive_org_download_mj2007_02_23_shnf_mj_2007_02_23t04_mp3,a joyful rock song,7
51,2059210/data_sounds_http___archive_org_download_mbt2011_06_24_mk4_taraszki_flac24_mbt2011_06_24t_15_mp3,This piano is to die for,2
35,496/MIL0864405,Cartoon or movie music,3
40,9200369/webclient_DeliveryManager_pid_8372365_custom_att_2_simple_viewer,Bach's well known Cello Suites feature baroque musical elements,4
35,2059210/data_sounds_http___archive_org_download_hday2003_12_15_shnf_hday2003_12_1503_mp3,evening live music,7
29,9200369/webclient_DeliveryManager_pid_8376245_custom_att_2_simple_viewer,chorus,6
26,446/LO11340218,sounds like 80s music,4
40,446/UBO3931586,Uplifting melody accompanied by sad lyrics,4
40,9200369/webclient_DeliveryManager_pid_8404717_custom_att_2_simple_viewer,Terrifying,2
54,496/LO11368298,Up-beat and happy opera,3
3,496/MOD1606869,weird,2
7,446/MIL0865423,Western and cool,2
40,9200369/webclient_DeliveryManager_pid_8383346_custom_att_2_simple_viewer,Pleasant and optimistic,2
40,9200369/webclient_DeliveryManager_pid_7782343_custom_att_2_simple_viewer,One of Mozart's most famous operas,4
42,496/LO11378392,decent,4
7,446/MIL0883138,Uplifting song,2
7,446/CAG1973506,low sound quality,2
40,446/MIL0869761,Uplifting,3
26,446/MIL0883138,uplifting,5
40,446/PAR1198638,Slightly tense,3
40,446/MIL0879596,Threatening aura,3
26,446/LO11483926,it is very chill,3
9,496/MIL0870750,spanish hymn to love and broken hearts,5
37,496/LO11269228,An emotional song,2
37,496/LO11346873,Uplifting,2
7,9200369/webclient_DeliveryManager_pid_7649526_custom_att_2_simple_viewer,reminds of that song from that looney tunes episode,3
63,2059210/data_sounds_http___archive_org_download_CVB2007_09_19_cvb2007_09_19t02_mp3,Italian,2
26,496/LO11269228,it sounds melancholic,5
25,2059210/data_sounds_http___archive_org_download_wz1995_07_29_aud_DSM_6p_arf_flac16_d01t05_mp3,route 66 baby,2
9,496/LO11346873,"makes me feel underground, city vibes",7
26,496/MIL0876458,it is very intense,7
55,2059210/data_sounds_http___archive_org_download_wz1995_07_29_aud_DSM_6p_arf_flac16_d01t05_mp3,let's dance,7
3,2059210/data_sounds_http___archive_org_download_ae1999_09_05_ae1999_09_05d2t03_mp3,little drunk,5
53,2059210/data_sounds_http___archive_org_download_bw2013_08_18_schoepsmk41_flac16_bw2013_08_18t08_mp3,Makes me feel melancholy,2
35,2059210/data_sounds_http___archive_org_download_ae1999_09_05_ae1999_09_05d2t03_mp3,Terrible,3
51,446/MIL0879596,Ominous,2
9,446/MIL0875273,i feel like i want to break something and shout,9
34,496/MIL0865375,productive stress,4
9,2059210/data_sounds_http___archive_org_download_bc2005_06_30_flac16_bc2005_06_30t07_mp3,stuttering words that are boring as hell,2
25,496/LO11331965,your average rock song,6
7,446/MIL0882243,calm,4
26,9200369/webclient_DeliveryManager_pid_7872773_custom_att_2_simple_viewer,sorrowful,4
9,2059210/data_sounds_http___archive_org_download_caitlinrose2013_04_08_zoomh2_flac16_cr2013_04_08t10_mp3,beautiful female voice,5
54,496/UBO3321450,White noise,2
9,9200369/webclient_DeliveryManager_pid_7644066_custom_att_2_simple_viewer,"menacing, emotional, provokes anxiety, fear, threat",4
40,9200369/webclient_DeliveryManager_pid_7784309_custom_att_2_simple_viewer,"Very calming sounds, beautiful melody",4
20,9200369/webclient_DeliveryManager_pid_7783581_custom_att_2_simple_viewer,Tenors,6
77,496/MIL0867970,Romantic walk,5
26,496/MIL0870326,it creates tension,5
65,496/UBO3950811,silent playful cartoon,2
7,496/MIL0874606,Uplifting and full of joy,4
30,446/RAV1851747,Not really understood,4
37,9200369/webclient_DeliveryManager_pid_7649526_custom_att_2_simple_viewer,Theme song for a 90s cartoon,3
63,496/CAG1899140,Sad but hopefull,3
7,496/LO11332121,relaxing and carefree,5
21,2059210/data_sounds_http___archive_org_download_bobwalkenhorst2014_11_05_flac_bobwalkenhorst2014_11_05d1t07_mp3,Cowboy singing to a horse,4
28,2059210/data_sounds_http___archive_org_download_jgreene2009_03_19_flac16_jackiegreene2009_03_19d2t01_mp3,Classic rock,3
26,2059210/data_sounds_http___archive_org_download_gp2013_04_27_aud_flac16_gp2013_04_27t12_mp3,melancholic vibes,7
7,496/BRI0436291,"We get it ,another rock song",2
55,446/LO11483931,The end of the world perhaps,2
8,446/UBO3784622,creepy and uncomfortable,5
26,496/UBO2743346,boring and melancholic,3
26,9200369/webclient_DeliveryManager_pid_7779513_custom_att_2_simple_viewer,increasingly tense and lively,4
55,446/MIL0878398,Another narrative story,2
54,496/MIL0870326,Cheering crowd,2
43,496/LO11198567,Romantic,3
8,2059210/data_sounds_http___archive_org_download_bc2012_09_13_aud_flac16_bc20120913t07_mp3,Live performance,7
2,496/MIL0871256,A traditional piece,6
30,496/MIL0872838,a little bit tiring for your ear,2
10,496/MIL0873690,sirens,3
79,496/LO11378364,"this is a nice song , better than most on this list",3
37,496/MIL0867337,Takes me to New Orleans,2
37,496/MIL0870326,opening for a rock concert,3
7,496/MIL0873252,sounds like a song that would place 18th in eurovision contest,4
37,2059210/data_sounds_http___archive_org_download_emckeown2005_06_29_flac16_emckeown2005_06_29t04_mp3,A live show at a local bar,4
54,9200369/webclient_DeliveryManager_pid_8379293_custom_att_2_simple_viewer,Italian composer,2
54,496/LO11404963,Male and female vocals,4
40,446/CAG1973506,Aggressive instrumental and weird sound effects (stutter) on the vocal,3
21,446/MIL0876461,Duck Dodgers in the 24½th Century,4
0,496/MIL0868925,It's nostalgic and sad,3
54,496/MIL0868652,Football game,2
21,496/MIL0870568,Alternative,3
31,9200369/webclient_DeliveryManager_pid_8374352_custom_att_2_simple_viewer,Feeling of chaos,4
31,9200369/webclient_DeliveryManager_pid_8374352_custom_att_2_simple_viewer,mix of anxiety and pleasure,2
26,496/RAV1999539,pessimistic,3
26,2059210/data_sounds_http___archive_org_download_kw2008_07_19_shnf_kw2008_07_19d1t02_mp3,makes you wanna dance,8
58,2059210/data_sounds_http___archive_org_download_charlieparr2007_10_07_charlieparr2007_10_07mtx_d2t12_mp3,he should sing louder,3
25,496/MIL0868190,sounds like a sad love song (i don't speak Italiani),2
70,496/MIL0879092,Ending of a movie,2
20,496/LO11418284,inaudible,4
54,2059210/data_sounds_http___archive_org_download_bobwalkenhorst2010_01_13_flac_bobwalkenhorst2010_01_13d2t02_mp3,Acoustic guitar and male vocals,2
29,2059210/data_sounds_http___archive_org_download_BackyardTireFire2008_09_12_matrix_BackyardTireFire2008_09_12d2t07_mp3,crowd yelling,3
54,2059210/data_sounds_http___archive_org_download_bobwalkenhorst2010_01_13_flac_bobwalkenhorst2010_01_13d2t02_mp3,Live performance,2
21,446/MIL0872845,Cinematic acoustic,6
65,496/MOD1606869,00s,2
9,496/UBO3998918,souns like a commercial for happy couples or baby products,3
4,446/MIL0865179,sunny days,4
40,2059210/data_sounds_http___archive_org_download_bc2012_09_13_aud_flac16_bc20120913t03_mp3,Acoustic set,3
8,9200369/webclient_DeliveryManager_pid_7786369_custom_att_2_simple_viewer,George Gershwin called it a folk opera,3
46,2059210/data_sounds_http___archive_org_download_kevnkinneyband2003_09_22_flac16_kevnkinneyband2003_09_22t10_mp3,Intense,4
54,2059210/data_sounds_http___archive_org_download_hbr2007_01_19_sbd_flac16_hbr2007_01_19d2t04RightBetweenYourEyes_mp3,Up-beat music,2
46,2059210/data_sounds_http___archive_org_download_mnathanson2008_10_03_studioprojectsc4_mnathanson2008_10_03d2t01_mp3,nostalgic,3
34,9200369/webclient_DeliveryManager_pid_8406053_custom_att_2_simple_viewer,It sounds like the pleasure of an evil deed,4
11,496/LO11340419,Childhood memories,3
11,446/UBO3819496,Laying in bed with a morning sunshine.,4
11,9200369/webclient_DeliveryManager_pid_7789233_custom_att_2_simple_viewer,Anxiety before something bad happens,4
70,9200369/webclient_DeliveryManager_pid_8365823_custom_att_2_simple_viewer,French aristocrats dancing,3
65,2059210/data_sounds_http___archive_org_download_cp2014_12_17_cp2014_12_17d02t20_mp3,saloon scene,3
63,496/TO00976704,Italian,3
26,2059210/data_sounds_http___archive_org_download_jgreene2004_07_30_flac16_D1T09_mp3,reminds me of bob dylan,2
40,496/MIL0867832,Romantic italian song,2
26,446/UBO3950805,That's some great soundtrack,4
57,9200369/webclient_DeliveryManager_pid_7649623_custom_att_2_simple_viewer,Italian Opera,5
2,2059210/data_sounds_http___archive_org_download_oprh2007_08_23_flac16_oprh2007_08_23t04_mp3,A cool rap song,9
37,9200369/webclient_DeliveryManager_pid_8380430_custom_att_2_simple_viewer,A calm Sunday morning drinking coffee,2
37,9200369/webclient_DeliveryManager_pid_8382143_custom_att_2_simple_viewer,Curious,2
30,446/MIL0857665,scary,3
3,496/MIL0881973,joyful,2
26,496/MIL0865333,reminds me of spring,6
9,446/MIL0872063,dogs barking then a joyful parade,7
35,496/LO11410009,italian,7
9,446/MIL0865423,a cowboy from a western soundtrack,2
40,9200369/webclient_DeliveryManager_pid_8408638_custom_att_2_simple_viewer,Something terrible is imminent,3
39,446/UBO3694816,Cold and lonely,3
7,9200369/webclient_DeliveryManager_pid_7871365_custom_att_2_simple_viewer,Menacing and ominous music,6
25,496/MIL0881934,mystery,4
3,2059210/data_sounds_http___archive_org_download_kw1999_08_07_shnf_keller1999_08_07t03_mp3,for a car ride,4
57,446/MIL0881611,Italian 80s music,2
57,2059210/data_sounds_http___archive_org_download_skellogg2005_02_19_sr71_sk62005_02_19d1t13_mp3,Engaged audience,2
54,496/MIL0875862,Up-beat and happy music,2
25,9200369/webclient_DeliveryManager_pid_7872742_custom_att_2_simple_viewer,a classical masterpiece,2
17,496/MIL0865248,Hopeful,6
30,2059210/data_sounds_http___archive_org_download_abird2003_05_17_flacf_abird2003_05_17t10_mp3,live performance,4
17,496/LO11369004,Would listen to it on a cloudy morning,3
25,446/MIL0883140,arousing and joyful but it stresses me,4
26,2059210/data_sounds_http___archive_org_download_jakeshimabukuro2008_06_15_r09_jakeshimabukuro2008_06_15t03_mp3,very repetitive...,5
63,496/MIL0868562,Confusing,3
9,496/MIL0868178,perfect for a breakup in a romantic film,5
39,9200369/webclient_DeliveryManager_pid_8383654_custom_att_2_simple_viewer,Someone is chasing me,3
7,496/MIL0869682,wandering and nostalgic,2
9,2059210/data_sounds_http___archive_org_download_kevnkinneyband2003_09_22_flac16_kevnkinneyband2003_09_22t03_mp3,music suitable for a fight scene in an action movie,4
26,446/MIL0879596,A crime is about to take place,8
9,496/MIL0864254,phantom of the opera vibes,8
39,496/MIL0874403,Romantic vibes,2
26,446/LO11230490,it brings feelings of melancholy,6
8,496/LO11251675,Live performance,4
40,2059210/data_sounds_http___archive_org_download_wz1995_07_29_aud_DSM_6p_arf_flac16_d01t14_mp3,Part of the song is sung in russian,5
40,9200369/webclient_DeliveryManager_pid_7790334_custom_att_2_simple_viewer,Starts off calm but turns joyous halfway,4
26,496/MIL0870010,very energetic,5
10,2059210/data_sounds_http___archive_org_download_mickthomas2010_01_01_zoomh2_flac16_mickthomas2010_01_01t15_mp3,stand up and dance,3
30,446/MIL0877603,looks like a film soundtrack,3
33,496/MIL0876458,Plot twist song,4
14,446/MIL0864103,classical guitar,7
34,496/MIL0882966,I want to break a wall,3
14,496/MIL0879540,dancing,7
1,2059210/data_sounds_http___archive_org_download_bt2007_12_04_flac16_bt2007_12_04t15_mp3,singing too fast,3
1,2059210/data_sounds_http___archive_org_download_bw2013_08_18_schoepsmk41_flac16_bw2013_08_18t04_mp3,nice guitar,5
2,446/MIL0881643,evil witch,3
4,496/MOD0893557,flirting,3
70,496/MIL0872050,Silent film,2
41,496/MIL0875796,old movie,2
14,496/MIL0882966,uplifting,8
2,2059210/data_sounds_http___archive_org_download_wz1995_07_29_aud_DSM_6p_arf_flac16_d02t02_mp3,old man singing,2
37,2059210/data_sounds_http___archive_org_download_gdegraw2004_05_30_shnf_gdegraw2004_05_30t09_mp3,melancholy and love,2
63,9200369/webclient_DeliveryManager_pid_7378449_custom_att_2_simple_viewer,Fast passed classical music,4
55,446/MIL0882313,Opera time,4
3,496/TSA1363278,wanna listen more of that,4
57,9200369/webclient_DeliveryManager_pid_7644796_custom_att_2_simple_viewer,Italian opera,5
30,9200369/webclient_DeliveryManager_pid_7879014_custom_att_2_simple_viewer,a little bit indifferent,2
2,9200369/webclient_DeliveryManager_pid_7875497_custom_att_2_simple_viewer,mysterious music,2
14,496/MIL0865319,rock 'n' roll,8
7,496/MIL0870010,happy and uplifting,4
63,2059210/data_sounds_http___archive_org_download_skellogg2005_02_19_sr71_sk62005_02_19d1t13_mp3,Live performance,4
87,446/MIL0879360,Vilain theme,2
2,446/MIL0865459,classic and beautifull,3
63,496/MIL0880209,Bad audio quality,2
43,496/MIL0871819,harp,2
42,496/LO11404976,cool cowboy,8
40,2059210/data_sounds_http___archive_org_download_emckeown2005_06_29_flac16_emckeown2005_06_29t04_mp3,"Some folk elements in the music, sad lyrics",2
31,446/UBO3784622,Disturbing and unsettling noise,4
3,496/UBO3950811,sounds like its from a movie,8
57,446/MIL0863768,Italian rock music,3
8,2059210/data_sounds_http___archive_org_download_DWatson2008_04_09_DWatson2008_04_09d1t07_mp3,Live performance,2
8,446/RAV1885876,Good-mood song,2
3,2059210/data_sounds_http___archive_org_download_emckeown2005_06_29_flac16_emckeown2005_06_29t14_mp3,nostalgia,4
17,2059210/data_sounds_http___archive_org_download_BackyardTireFire2008_09_12_matrix_BackyardTireFire2008_09_12d2t15_mp3,I like this song a lot,2
88,496/MIL0872451,Foreign Language,3
11,446/MIL0871279,Α soft rock ballad,8
57,2059210/data_sounds_http___archive_org_download_DWatson2008_04_09_DWatson2008_04_09d1t07_mp3,Country music performance,4
30,496/MIL0869135,a song that makes you nostalgic,3
70,446/MIL0881643,Powerful,3
8,2059210/data_sounds_http___archive_org_download_bushwalla2013_10_12_show2_flac16_bushwalla2013_10_12d01t04_mp3,"Talks and makes jokes, not just singing",3
54,2059210/data_sounds_http___archive_org_download_kevnkinneyband2003_09_22_flac16_kevnkinneyband2003_09_22t03_mp3,"Very little singing, mostly angry guitar",2
49,9200369/webclient_DeliveryManager_pid_8382143_custom_att_2_simple_viewer,Lets make some mischief,2
11,446/MIL0873282,girly song,2
8,2059210/data_sounds_http___archive_org_download_guster2011_04_08_ccm41_flac16_guster2011_04_08t02_mp3,Live,5
17,446/LO11269228,plain,2
17,446/MIL0877939,A bit random,2
27,9200369/webclient_DeliveryManager_pid_7876155_custom_att_2_simple_viewer,Soprano,4
17,9200369/webclient_DeliveryManager_pid_7651618_custom_att_2_simple_viewer,Quality music,2
17,496/MIL0863764,Awful,2
70,446/MOD1568166,Build up,3
7,496/MIL0876458,Dramatic and menacing,3
0,496/LO11340312,Lonely,6
68,9200369/webclient_DeliveryManager_pid_8363622_custom_att_2_simple_viewer,Chorus,2
17,446/MIL0857665,Impressive,5
35,496/TO10002442,Annoying,3
8,2059210/data_sounds_http___archive_org_download_mj2007_02_23_shnf_mj_2007_02_23t06_mp3,Live performance,4
6,446/MIL0882053,Very Low Volume,7
35,2059210/data_sounds_http___archive_org_download_mnathanson2008_10_03_studioprojectsc4_mnathanson2008_10_03d2t02_mp3,At concert,3
8,2059210/data_sounds_http___archive_org_download_JG2011_04_08_JackieGreene2011_04_08_D1T10_Mexican_Girl_mp3,Live performance,3
57,9200369/webclient_DeliveryManager_pid_7787507_custom_att_2_simple_viewer,Nostalgic Opera,3
37,496/MIL0881934,The calm before the storm,2
75,2059210/data_sounds_http___archive_org_download_bc2005_06_30_flac16_bc2005_06_30t14_mp3,lots of background noise,4
2,2059210/data_sounds_http___archive_org_download_bw2013_08_18_schoepsmk41_flac16_bw2013_08_18t04_mp3,doesnt remember the song,3
68,446/MIL0865430,Italian Opera,2
65,496/MIL0863964,club scene,2
35,496/MIL0868652,Italian,3
55,496/MIL0872868,Hobbits are coming home!,8
8,496/MIL0877062,A cappella,4
26,446/MIL0870216,classic jazz vibes,7
28,9200369/webclient_DeliveryManager_pid_7649623_custom_att_2_simple_viewer,Wonderful voice,4
63,496/MIL0869135,Ballad,2
27,496/MIL0879593,Tragedy,3
27,446/MOD1568166,Epic,3
54,2059210/data_sounds_http___archive_org_download_bva2014_07_27_live2cd_flac16_bva2014_07_27t15_mp3,Live performance at a bar,2
9,446/MIL0878398,just a man talking nothing musical at all,9
27,446/LO11357138,Let's dance,2
2,496/MIL0868130,psychedelic,9
69,496/MIL0877953,Is someone speaking Chinese?,3
27,496/LO11369004,A bit dreamy,2
1,446/MIL0878399,just noise ...,6
9,496/MIL0870010,DANCEABLE,3
26,496/MIL0882625,boooring,2
40,446/MIL0882867,A feeling of satisfaction,5
26,496/MIL0874606,happy vibes,2
29,496/LO11198567,accordion,2
37,446/MIL0872871,Starts off like a Hitchcock movie soundtrack and ends up a calming  classical love story soundtrack,2
31,496/VIA0212888,Cartoon music,2
26,446/MOD1598263,super cool,2
26,446/UBO3931586,vibrant,2
40,446/MOD1598263,Italian rock song with strong drums,5
26,2059210/data_sounds_http___archive_org_download_mbt2011_06_24_mk4_taraszki_flac24_mbt2011_06_24t_15_mp3,very energetic,2
52,446/RAV1851747,Spoken word,7
2,496/MIL0882026,nature vibes,9
14,9200369/webclient_DeliveryManager_pid_8367996_custom_att_2_simple_viewer,"fairytale, two fairies having a conversation",6
37,496/CAG1922731,A nice blues track,2
87,496/LO11322451,Soft rock,2
34,496/CAG1973216,feeling angry at society,4
28,496/MIL0870128,The most romantic opera song,2
9,446/LO11483931,"feels like death, loneliness, emptiness",9
12,496/MIL0872877,Spaghetti western outro song,2
14,496/UFE0971062,Rock 'n' Roll,5
58,496/MIL0876474,No instrument all ACAPELLA,9
14,446/LO11340662,like a soundtrack from a horror movie,5
27,2059210/data_sounds_http___archive_org_download_gdegraw2004_05_30_shnf_gdegraw2004_05_30t07_mp3,Ballad,5
28,496/MIL0875997,Creates a mysterious atmosphere,3
17,2059210/data_sounds_http___archive_org_download_JBT2006_04_15_JBT2006_04_15D1T09_mp3,from a concert (live),5
27,9200369/webclient_DeliveryManager_pid_8408126_custom_att_2_simple_viewer,Piano classics,2
17,9200369/webclient_DeliveryManager_pid_7882453_custom_att_2_simple_viewer,Wonderful voice,5
2,496/MIL0866000,creepy,7
28,496/MIL0871424,Joyful piece,4
27,9200369/webclient_DeliveryManager_pid_8391949_custom_att_2_simple_viewer,Wonderfull voice,6
27,9200369/webclient_DeliveryManager_pid_8373576_custom_att_2_simple_viewer,A nice Bach's song,6
17,446/MIL0879590,Builds up the tension quite nicely,8
8,2059210/data_sounds_http___archive_org_download_gds2009_05_08__flac16_gds2009_05_08t30_mp3,Live show,3
8,2059210/data_sounds_http___archive_org_download_kevnkinneyband2003_09_22_flac16_kevnkinneyband2003_09_22t07_mp3,Live show,3
39,446/MIL0867443,old song,2
42,496/MIL0872806,once upon a time in the west,2
42,2059210/data_sounds_http___archive_org_download_jakeshimabukuro2008_06_15_r09_jakeshimabukuro2008_06_15t03_mp3,boring,3
7,2059210/data_sounds_http___archive_org_download_charlieparr2007_10_07_charlieparr2007_10_07mtx_d2t15_mp3,religious and country,3
42,2059210/data_sounds_http___archive_org_download_gdg2010_01_10_live2cd_flac16_gavindegraw2010_01_10d2t02_mp3,valentine's day,2
8,2059210/data_sounds_http___archive_org_download_hd2004_04_30_flac16_hd_2004_04_30_d1t06_mp3,Live show,4
42,2059210/data_sounds_http___archive_org_download_caitlinrose2013_04_08_zoomh2_flac16_cr2013_04_08t10_mp3,that's a nice song,3
42,446/MIL0872063,march,3
7,2059210/data_sounds_http___archive_org_download_caitlinrose2013_04_08_zoomh2_flac16_cr2013_04_08t02_mp3,Nostalgic country song,4
10,446/MIL0876435,background music for dark scenes in old movies,2
27,446/MIL0877820,Whisper and calm,4
37,446/LO11360898,European rock track,2
28,2059210/data_sounds_http___archive_org_download_DWatson2008_04_09_DWatson2008_04_09d1t09_mp3,Makes you wanna dance,2
17,9200369/webclient_DeliveryManager_pid_8393602_custom_att_2_simple_viewer,Slow and dreamy,4
1,2059210/data_sounds_http___archive_org_download_KW1998_03_18SBD_FLAC_KW1998_03_18T05_mp3,this was crazy,4
41,2059210/data_sounds_http___archive_org_download_BackyardTireFire2008_09_12_matrix_BackyardTireFire2008_09_12d1t10_mp3,fun live rock performance,2
15,496/MIL0868194,friends smoking and playing music,2
27,2059210/data_sounds_http___archive_org_download_DWatson2008_04_09_DWatson2008_04_09d1t07_mp3,Let's dance,3
17,446/UBO3784622,In which world is this a song,4
26,496/MIL0864575,pretty spooooooky,4
26,496/LO11346873,it sounds aggressive,6
35,2059210/data_sounds_http___archive_org_download_bc2005_06_30_flac16_bc2005_06_30t14_mp3,Live concert,9
35,9200369/webclient_DeliveryManager_pid_8382704_custom_att_2_simple_viewer,"Movie music, Vilan",6
88,9200369/webclient_DeliveryManager_pid_7879085_custom_att_2_simple_viewer,Morning in Vienna,2
33,496/CAG1973216,Rebellious,2
71,496/MIL0869682,travel around the world,4
26,2059210/data_sounds_http___archive_org_download_jakeshimabukuro2008_06_15_r09_jakeshimabukuro2008_06_15t17_mp3,"background music is cute, but lyrics aint great",3
27,446/MIL0857665,Epic music,4
26,496/UBO3321450,it sounds nostalgic and sad,8
10,446/UBO3819223,Italian,2
37,496/MIL0872489,Could be heard in an Italian restaurant,2
42,496/MIL0872489,virtusoso,8
0,496/LO11251675,"It's peaceful and joyful, but it feels a little nostalgic",5
26,446/MIL0872871,old movies soundtrack,8
42,9200369/webclient_DeliveryManager_pid_8363748_custom_att_2_simple_viewer,let's summon some demons,6
44,446/MIL0864031,whistling,5
37,496/LO11360500,A song appropriate for a montage in a movie,4
21,2059210/data_sounds_http___archive_org_download_bva2014_07_27_live2cd_flac16_bva2014_07_27t15_mp3,Danceable,3
9,9200369/webclient_DeliveryManager_pid_7872773_custom_att_2_simple_viewer,sad grief,3
40,9200369/webclient_DeliveryManager_pid_8392126_custom_att_2_simple_viewer,Part of a theatrical piece,4
0,9200369/webclient_DeliveryManager_pid_8365294_custom_att_2_simple_viewer,Mix of emotions,3
54,2059210/data_sounds_http___archive_org_download_caitlinrose2010_12_13_caitlinrose20101213d01t03_mp3,Sad lyrics,2
20,496/MIL0872806,Western,4
9,496/MIL0881934,psychotic,2
7,2059210/data_sounds_http___archive_org_download_wz1995_07_29_aud_DSM_6p_arf_flac16_d01t03_mp3,generic rock my cool uncle listens too,5
34,496/LO11360500,living life without regrets,10
41,496/MIL0882296,literally the spring,2
30,496/MIL0865567,really wanna hear the rest of the song,2
54,496/MIL0865424,Italian lyrics,2
73,496/MIL0877495,spoken word,8
2,496/MIL0879073,sentational voice,6
2,446/MIL0870216,old movies song,9
9,446/LO11483926,"mesmerizing, relaxing a bit sad",6
10,446/MIL0878083,kings and queens,3
54,496/MIL0857286,Builds up,3
25,2059210/data_sounds_http___archive_org_download_kevnkinneyband2003_09_22_flac16_kevnkinneyband2003_09_22t07_mp3,you are in a small underground rock bar in your city center,2
71,496/MIL0877416,nice relaxing jazz,12
20,2059210/data_sounds_http___archive_org_download_bobwalkenhorst2014_11_05_flac_bobwalkenhorst2014_11_05d1t07_mp3,Revolution,2
25,496/UBO3950823,the infamous is approaching,4
18,2059210/data_sounds_http___archive_org_download_bhsurfers2002_07_20_fob_flacf_buttholesurfers2002_07_20d1t15_mp3,Live show,14
9,446/LO11409967,an all-time-classic trully one of a kind magneficent,13
1,446/MIL0881747,this is a ballad,13
14,496/MIL0865312,live show,11
14,446/LO11293975,apllause,11
9,2059210/data_sounds_http___archive_org_download_keller2014_05_31_16bit_Keller2014_05_31T02_mp3,"feels like a breeze, a road trip, home",10
18,2059210/data_sounds_http___archive_org_download_CVB2007_09_19_cvb2007_09_19t02_mp3,Live show,14
42,496/LO11410009,spoken song,10
18,2059210/data_sounds_http___archive_org_download_bhs1996_10_19_flac16_bhs1996_10_19d1t04_mp3,Live show,10
40,2059210/data_sounds_http___archive_org_download_glen2004_12_16_m300_flac16_glen2004_12_16t17_mp3,Depressing lyrics,11
9,446/TSA1380773,sounds like an anxious fight or disagreement,10
71,496/MIL0876334,slow symphony choir,10
31,446/MIL0865431,"Cartoon walking, sunny day",12
35,496/MIL0871825,Talking,12
2,2059210/data_sounds_http___archive_org_download_bw2013_08_18_schoepsmk41_flac16_bw2013_08_18t03_mp3,A night at a classic american bar,11
14,496/MIL0876328,noises from the street,10
14,446/MIL0865284,live show,10
14,2059210/data_sounds_http___archive_org_download_mn2003_04_23_shnf_mn2003_04_23d1t11_mp3,live show,11
1,9200369/webclient_DeliveryManager_pid_8412049_custom_att_2_simple_viewer,mysterious sounds,10
5,2059210/data_sounds_http___archive_org_download_caitlinrose2013_04_08_zoomh2_flac16_cr2013_04_08t10_mp3,Intense and up-lifting song,12
9,446/MIL0869761,dance and swing,12
3,496/UBO3989805,godfather,10
14,496/LO11344194,only people noises and applause,10
27,496/LO11418826,Catchy song,10
26,9200369/webclient_DeliveryManager_pid_7782343_custom_att_2_simple_viewer,very tense,10
9,9200369/webclient_DeliveryManager_pid_7649526_custom_att_2_simple_viewer,souns like an old disney movie,10
42,446/MIL0865423,wild west,10
27,496/MIL0877593,Acapella,10
